Index,DateStart,DateEnd,Course,Center
Mandala1,2027/01/08,2027/01/19,10D,Mandala
Mandala2,2027/02/02,2027/02/17,GC,Mandala
Mandala3,2027/02/20,2027/03/23,30D,Mandala
Mandala4,2027/04/09,2027/04/20,10D,Mandala
Mandala5,2027/05/20,2027/05/31,10D,Mandala
Mandala6,2027/06/13,2027/06/24,10D,Mandala
Mandala7,2027/07/08,2027/07/19,10D,Mandala
Mandala8,2027/08/01,2027/08/12,10D,Mandala
Mandala9,2027/08/22,2027/09/02,10D,Mandala
Mandala10,2027/09/18,2027/09/29,S10D,Mandala
Mandala11,2027/10/07,2027/10/18,10D,Mandala
Mandala12,2027/10/25,2027/11/05,10D,Mandala
Mandala13,2027/11/17,2027/11/25,STP,Mandala
Mandala14,2027/12/01,2027/12/12,10D,Mandala
Mandala15,2027/12/19,2027/12/30,10D,Mandala
MittaYana1,2027/01/21,2027/02/01,10D,MittaYana
MittaYana2,2027/02/23,2027/03/06,10D,MittaYana
MittaYana3,2027/04/09,2027/04/20,10D,MittaYana
MittaYana4,2027/06/18,2027/06/26,STP,MittaYana
MittaYana5,2027/07/18,2027/07/29,10D,MittaYana
MittaYana6,2027/09/18,2027/09/29,10D,MittaYana
MittaYana7,2027/11/11,2027/11/22,10D,MittaYana
Mani1,2027/01/08,2027/01/19,10D,Mani
Mani2,2027/03/25,2027/04/02,TeenGirls,Mani
Mani3,2027/04/09,2027/04/20,10D,Mani
Mani4,2027/07/08,2027/07/19,10D,Mani
Mani5,2027/09/18,2027/09/29,10D,Mani
Mani6,2027/11/04,2027/11/15,10D,Mani
Mani7,2027/12/16,2027/12/24,STP,Mani
MahaP1,2027/02/18,2027/03/01,10D,MahaPabatta
MahaP2,2027/03/10,2027/03/21,10D,MahaPabatta
MahaP3,2027/04/09,2027/04/20,10D,MahaPabatta
MahaP4,2027/05/02,2027/05/13,10D,MahaPabatta
MahaP5,2027/05/27,2027/06/07,10D,MahaPabatta
MahaP6,2027/06/24,2027/07/05,10D,MahaPabatta
MahaP7,2027/07/22,2027/08/02,10D,MahaPabatta
MahaP8,2027/08/19,2027/08/30,10D,MahaPabatta
MahaP9,2027/09/18,2027/09/29,10D,MahaPabatta
MahaP10,2027/10/23,2027/10/31,STP,MahaPabatta
MahaP11,2027/11/18,2027/11/29,10D,MahaPabatta
Shwe1,2027/02/19,2027/03/02,10D,Shwe
Shwe2,2027/04/09,2027/04/20,10D,Shwe
Shwe3,2027/07/30,2027/08/10,10D,Shwe
Shwe4,2027/09/18,2027/09/29,10D,Shwe
Shwe5,2027/11/11,2027/11/22,10D,Shwe
Shwe6,2027/12/17,2027/12/25,STP,Shwe
Labha1,2027/03/07,2027/03/18,10D,Labha
Labha2,2027/04/11,2027/04/22,10D,Labha
Labha3,2027/05/19,2027/05/30,10D,Labha
Labha4,2027/08/01,2027/08/12,10D,Labha
Labha5,2027/09/18,2027/09/29,10D,Labha
Labha6,2027/10/03,2027/10/11,STP,Labha
Labha7,2027/11/07,2027/11/18,10D,Labha
Mayu1,2027/01/08,2027/01/19,10D,Mayuradipa
Mayu2,2027/02/11,2027/02/22,10D,Mayuradipa
Mayu3,2027/04/09,2027/04/20,10D,Mayuradipa
Mayu4,2027/06/01,2027/06/12,10D,Mayuradipa
Mayu5,2027/07/10,2027/07/21,10D,Mayuradipa
Mayu6,2027/09/18,2027/09/29,10D,Mayuradipa
Mayu7,2027/10/23,2027/10/31,STP,Mayuradipa
Manorama1,2027/02/02,2027/02/13,10D,Manorama
Manorama2,2027/03/15,2027/03/24,TeenBoys,Manorama
Manorama3,2027/03/28,2027/04/05,TeenGirls,Manorama
Manorama4,2027/04/10,2027/04/21,10D,Manorama
Manorama5,2027/06/13,2027/06/21,STP,Manorama
Manorama6,2027/07/06,2027/07/17,10D,Manorama
Manorama7,2027/08/07,2027/08/18,10D,Manorama
Manorama8,2027/09/18,2027/09/29,10D,Manorama
Manorama9,2027/10/13,2027/10/16,3D,Manorama
Manorama10,2027/11/24,2027/12/05,10D,Manorama
Manorhara1,2027/01/08,2027/01/19,10D,Manohara
Manorhara2,2027/02/10,2027/02/21,10D,Manohara
Manorhara3,2027/03/08,2027/03/16,TeenGirls,Manohara
Manorhara4,2027/04/09,2027/04/20,10D,Manohara
Manorhara5,2027/05/07,2027/05/18,10D,Manohara
Manorhara6,2027/06/09,2027/06/20,10D,Manohara
Manorhara7,2027/07/05,2027/07/16,10D,Manohara
Manorhara8,2027/08/06,2027/08/14,STP,Manohara
Manorhara9,2027/09/18,2027/09/29,10D,Manohara
Manorhara10,2027/10/20,2027/10/31,10D,Manohara
Pabbata1,2027/03/10,2027/03/21,10D,Pabbata
Pabbata2,2027/04/12,2027/04/23,10D,Pabbata
Pabbata3,2027/05/06,2027/05/17,10D,Pabbata
Pabbata4,2027/06/09,2027/06/17,STP,Pabbata
Pabbata5,2027/07/05,2027/07/16,10D,Pabbata
Pabbata6,2027/08/14,2027/08/25,10D,Pabbata
Pabbata7,2027/09/18,2027/09/29,10D,Pabbata
Pabbata8,2027/10/03,2027/10/14,10D,Pabbata
Sangam1,2027/03/07,2027/03/18,10D,Sangam
Sangam2,2027/04/09,2027/04/20,10D,Sangam
Sangam3,2027/04/22,2027/04/30,STP,Sangam
Sangam4,2027/05/07,2027/05/18,10D,Sangam
Sangam5,2027/09/18,2027/09/29,10D,Sangam
Sangam6,2027/10/08,2027/10/19,10D,Sangam
Makuta1,2027/02/15,2027/02/26,10D,Makuta
Makuta2,2027/04/07,2027/04/18,10D,Makuta
Makuta3,2027/05/01,2027/05/12,10D,Makuta
Makuta4,2027/06/06,2027/06/17,10D,Makuta
Makuta5,2027/07/01,2027/07/09,STP,Makuta
Makuta6,2027/07/20,2027/07/31,10D,Makuta
Makuta7,2027/08/20,2027/08/31,10D,Makuta
Makuta8,2027/09/18,2027/09/29,10D,Makuta
Makuta9,2027/10/17,2027/10/28,10D,Makuta
Makuta10,2027/11/14,2027/11/25,10D,Makuta
Mahima1_2,2027/02/09,2027/02/20,10D,Mahima2
Mahima2_2,2027/02/24,2027/03/07,10D,Mahima2
Mahima3_2,2027/03/12,2027/03/23,10D,Mahima2
Mahima4_2,2027/04/09,2027/04/20,10D,Mahima2
Mahima5_1,2027/04/09,2027/04/20,10D,Mahima1
Mahima6_2,2027/04/25,2027/05/06,10D,Mahima2
Mahima7_1,2027/04/28,2027/05/06,TeenGirls,Mahima1
Mahima8_1,2027/05/11,2027/05/22,10D,Mahima1
Mahima9_2,2027/05/13,2027/06/03,20D,Mahima2
Mahima10_1,2027/05/23,2027/06/03,10D,Mahima1
Mahima11_2,2027/06/09,2027/06/20,10D,Mahima2
Mahima12_1,2027/06/25,2027/07/06,10D,Mahima1
Mahima13_2,2027/06/26,2027/07/04,STP,Mahima2
Mahima14_1,2027/07/11,2027/07/22,10D,Mahima1
Mahima15_2,2027/07/11,2027/07/22,S10D,Mahima2
Mahima16_2,2027/07/29,2027/08/09,10D,Mahima2
Mahima17_2,2027/08/17,2027/08/28,10D,Mahima2
Mahima18_2,2027/09/02,2027/09/13,10D,Mahima2
Mahima19_1,2027/09/03,2027/09/11,STP,Mahima1
Mahima20_2,2027/09/18,2027/09/28,10D,Mahima2
Mahima21_1,2027/10/04,2027/10/15,10D,Mahima1
Mahima22_2,2027/10/06,2027/10/27,20D,Mahima2
Mahima23_1,2027/10/16,2027/10/27,10D,Mahima1
Mahima24_2,2027/11/01,2027/11/12,10D,Mahima2
Mahima25_2,2027/11/17,2027/11/28,10D,Mahima2
Canda1,2027/04/10,2027/04/21,10D,Canda
Canda2,2027/07/06,2027/07/17,10D,Canda
Canda3,2027/09/30,2027/10/11,10D,Canda
Canda4,2027/10/14,2027/10/22,TeenGirls,Canda
Canda5,2027/10/25,2027/11/05,10D,Canda
Magga1,2027/01/08,2027/01/19,10D,Magga
Magga2,2027/02/11,2027/02/22,10D,Magga
Magga3,2027/03/19,2027/03/30,10D,Magga
Magga4,2027/04/09,2027/04/20,10D,Magga
Magga5,2027/05/07,2027/05/18,10D,Magga
Magga6,2027/07/09,2027/07/20,10D,Magga
Magga7,2027/08/06,2027/08/17,10D,Magga
Magga8,2027/09/18,2027/09/29,10D,Magga
Magga9,2027/10/13,2027/10/24,10D,Magga
Magga10,2027/11/19,2027/11/30,10D,Magga
Magga11,2027/12/10,2027/12/21,10D,Magga
Joti1,2027/01/01,2027/01/04,3D,Joti
Joti2,2027/01/08,2027/01/19,10D,Joti
Joti3,2027/01/22,2027/01/30,STP,Joti
Joti4,2027/02/02,2027/02/17,GC,Joti
Joti5,2027/02/25,2027/03/08,10D,Joti
Joti6,2027/03/11,2027/03/22,10D,Joti
Joti7,2027/03/29,2027/04/06,TeenBoys,Joti
Joti8,2027/04/09,2027/04/20,10D,Joti
Joti9,2027/04/23,2027/05/01,TeenGirls,Joti
Joti10,2027/05/06,2027/05/17,10D,Joti
Joti11,2027/05/27,2027/06/07,10D,Joti
Joti12,2027/06/10,2027/06/13,3D,Joti
Joti13,2027/07/01,2027/07/12,10D,Joti
Joti14,2027/07/15,2027/07/18,3D,Joti
Joti15,2027/07/22,2027/08/02,10D,Joti
Joti16,2027/08/05,2027/08/16,10D,Joti
Joti17,2027/08/20,2027/08/31,10D,Joti
Joti18,2027/09/03,2027/09/14,10D,Joti
Joti19,2027/09/23,2027/10/04,10D,Joti
Joti20,2027/10/08,2027/10/16,STP,Joti
Joti21,2027/10/21,2027/11/01,10D,Joti
Joti22,2027/11/04,2027/11/15,10D,Joti
Joti23,2027/11/25,2027/12/06,10D,Joti
Joti24,2027/12/16,2027/12/27,10D,Joti
Nidhi1,2027/01/05,2027/02/20,45D,Nidhi
Nidhi2,2027/03/01,2027/03/22,20D,Nidhi
Nidhi3,2027/03/27,2027/04/07,10D,Nidhi
Nidhi4,2027/04/09,2027/04/20,10D,Nidhi
Nidhi5,2027/04/29,2027/05/07,10D,Nidhi
Nidhi6,2027/05/13,2027/05/24,10D,Nidhi
Nidhi7,2027/06/01,2027/07/02,30D,Nidhi
Nidhi8,2027/07/12,2027/07/23,S10D,Nidhi
Nidhi9,2027/07/29,2027/08/09,10D,Nidhi
Nidhi10,2027/08/12,2027/08/20,STP,Nidhi
Nidhi11,2027/08/25,2027/09/05,10D,Nidhi
Nidhi12,2027/09/11,2027/09/22,10D,Nidhi
Nidhi13,2027/09/26,2027/11/11,45D,Nidhi
Nidhi14,2027/11/14,2027/11/25,10D,Nidhi
Nidhi15,2027/11/30,2027/12/31,30D,Nidhi
Nanadha1,2027/01/08,2027/01/19,10D,Nanadhaja
Nanadha2,2027/02/19,2027/03/02,10D,Nanadhaja
Nanadha3,2027/04/09,2027/04/20,10D,Nanadhaja
Nanadha4,2027/07/06,2027/07/17,10D,Nanadhaja
Nanadha5,2027/09/18,2027/09/29,10D,Nanadhaja
Nanadha6,2027/10/14,2027/10/17,3D,Nanadhaja
Nanadha7,2027/11/12,2027/11/23,10D,Nanadhaja
Nanadha8,2027/12/18,2027/12/26,STP,Nanadhaja
