Index,DateStart,DateEnd,Course,Days,Center
Mandala1,2027/01/08,2027/01/19,10D,11,Mandala
Mandala2,2027/02/02,2027/02/17,GC,15,Mandala
Mandala3,2027/02/20,2027/023/23,30D,31,Mandala
Mandala4,2027/04/09,2027/04/20,10D,11,Mandala
Mandala5,2027/05/20,2027/05/31,10D,11,Mandala
Mandala6,2027/06/13,2027/06/24,10D,11,Mandala
Mandala7,2027/07/08,2027/07/19,10D,11,Mandala
Mandala8,2027/08/01,2027/08/12,10D,11,Mandala
Mandala9,2027/08/22,2027/09/02,10D,11,Mandala
Mandala10,2027/09/18,2027/09/29,S10D,11,Mandala
Mandala11,2027/10/07,2027/10/18,10D,11,Mandala
Mandala12,2027/10/25,2027/11/05,10D,11,Mandala
Mandala13,2027/11/17,2027/11/25,STP,8,Mandala
Mandala14,2027/12/01,2027/12/12,10D,11,Mandala
Mandala15,2027/12/19,2027/12/30,10D,11,Mandala
MittaYana1,2027/01/08,2027/01/19,10D,11,MittaYana
MittaYana2,2027/02/19,2027/03/02,10D,11,MittaYana
MittaYana3,2027/04/09,2027/04/20,10D,11,MittaYana
MittaYana4,2027/06/18,2027/06/26,STP,8,MittaYana
MittaYana5,2027/07/18,2027/07/29,10D,11,MittaYana
MittaYana6,2027/09/18,2027/09/29,10D,11,MittaYana
MittaYana7,2027/11/11,2027/11/22,10D,11,MittaYana
Mani1,2027/01/08,2027/01/19,10D,11,Mani
Mani2,2027/03/25,2027/04/02,TeenGirl,7,Mani
Mani3,2027/04/09,2027/04/20,10D,11,Mani
Mani4,2027/06/10,2027/06/14,3D,4,Mani
Mani5,2027/07/08,2027/07/19,10D,11,Mani
Mani6,2027/09/18,2027/09/29,10D,11,Mani
Mani7,2027/11/04,2027/11/15,10D,11,Mani
Mani8,2027/12/16,2027/12/24,STP,8,Mani
MahaP1,2027/02/18,2027/03/01,10D,11,MahaPabatta
MahaP2,2027/03/10,2027/03/21,10D,11,MahaPabatta
MahaP3,2027/04/09,2027/04/20,10D,11,MahaPabatta
MahaP4,2027/05/02,2027/05/13,10D,11,MahaPabatta
MahaP5,2027/05/27,2027/06/07,10D,11,MahaPabatta
MahaP6,2027/06/24,2027/07/05,10D,11,MahaPabatta
MahaP7,2027/07/22,2027/08/02,10D,11,MahaPabatta
MahaP8,2027/08/19,2027/08/30,10D,11,MahaPabatta
MahaP9,2027/09/18,2027/09/29,10D,11,MahaPabatta
MahaP10,2027/10/23,2027/10/31,STP,8,MahaPabatta
MahaP11,2027/11/18,2027/11/29,10D,11,MahaPabatta
Shwe1,2027/02/19,2027/03/02,10D,11,Shwe
Shwe2,2027/04/09,2027/04/20,10D,11,Shwe
Shwe3,2027/07/30,2027/08/10,10D,11,Shwe
Shwe4,2027/09/18,2027/09/29,10D,11,Shwe
Shwe5,2027/11/11,2027/11/22,10D,11,Shwe
Shwe6,2027/12/17,2027/12/25,STP,8,Shwe
Labha1,2027/03/07,2027/03/18,10D,11,Labha
Labha2,2027/04/11,2027/04/22,10D,11,Labha
Labha3,2027/05/09,2027/05/17,STP,8,Labha
Labha4,2027/08/01,2027/08/12,10D,11,Labha
Labha5,2027/09/18,2027/09/29,10D,11,Labha
Labha6,2027/10/03,2027/10/14,10D,11,Labha
Labha7,2027/11/07,2027/11/18,10D,11,Labha
Mayu1,2027/01/08,2027/01/19,10D,11,Mayuradipa
Mayu2,2027/02/11,2027/02/22,10D,11,Mayuradipa
Mayu3,2027/04/09,2027/04/20,10D,11,Mayuradipa
Mayu4,2027/06/04,2027/06/15,10D,11,Mayuradipa
Mayu5,2027/07/10,2027/07/21,10D,11,Mayuradipa
Mayu6,2027/09/18,2027/09/29,10D,11,Mayuradipa
Mayu7,2027/10/23,2027/10/31,STP,8,Mayuradipa
